{
  "arm_inclination": -1.8668489456176758,
  "pca_weights": [
    -0.23728778958320618,
    0.8032531142234802,
    -0.6322835683822632,
    -0.17360450327396393,
    1.1505590677261353,
    1.741695761680603,
    -0.35033395886421204,
    -0.31589657068252563,
    0.3051484525203705,
    -0.39272063970565796,
    -0.6046591401100159,
    -1.0184978246688843,
    -0.4091127812862396,
    0.1430589258670807,
    0.09155870974063873
  ]
}
