{
  "arm_inclination": 8.556205749511719,
  "pca_weights": [
    0.3506462574005127,
    0.8667221069335938,
    0.10220105946063995,
    -1.227744698524475,
    0.2946069538593292,
    -1.0940361022949219,
    1.5280885696411133,
    -0.5484033823013306,
    -0.14394356310367584,
    -0.582668662071228,
    -0.9530529379844666,
    -0.5716391801834106,
    0.934030294418335,
    -1.016163945198059,
    -0.43537846207618713
  ]
}
