{
  "arm_inclination": 14.437284469604492,
  "pca_weights": [
    -0.2589738070964813,
    0.7954313158988953,
    -0.24104014039039612,
    0.15327666699886322,
    -1.4949734210968018,
    -1.0522456169128418,
    0.48147985339164734,
    0.6531975269317627,
    -0.25470566749572754,
    0.9127787351608276,
    -0.7399436831474304,
    -0.5835767388343811,
    0.6365092396736145,
    0.7348974943161011,
    0.18622659146785736
  ]
}
