{
  "arm_inclination": 2.924814224243164,
  "pca_weights": [
    0.54153972864151,
    -0.1435377597808838,
    1.395982027053833,
    0.337422251701355,
    0.3640143871307373,
    0.990039587020874,
    -0.29991838335990906,
    0.6753393411636353,
    -0.4176976680755615,
    -0.13154323399066925,
    0.38784176111221313,
    -0.03620206564664841,
    0.19040843844413757,
    0.9566526412963867,
    -0.7388831973075867
  ]
}
