{
  "arm_inclination": 11.990816116333008,
  "pca_weights": [
    0.6456348896026611,
    0.778386116027832,
    0.7115262150764465,
    1.102558970451355,
    -0.7524919509887695,
    -0.1673680692911148,
    0.2312767207622528,
    -0.6504467129707336,
    -0.3807142376899719,
    -0.2349366545677185,
    0.18156826496124268,
    0.4793921113014221,
    0.13419599831104279,
    0.8143436312675476,
    0.3935878574848175
  ]
}
