{
  "arm_inclination": 10.613807678222656,
  "pca_weights": [
    0.18607069551944733,
    0.27259960770606995,
    1.0413426160812378,
    -0.4576485753059387,
    -0.3354943096637726,
    0.5614945292472839,
    0.06917139887809753,
    1.0284334421157837,
    -0.945489227771759,
    0.5000123977661133,
    1.1181857585906982,
    -0.3045838475227356,
    0.07352840155363083,
    -0.6594666838645935,
    -0.5617984533309937
  ]
}
